title,author,price,link
A Light in the Attic,Unknown,Â£51.77,../../a-light-in-the-attic_1000/index.html
Tipping the Velvet,Unknown,Â£53.74,../../tipping-the-velvet_999/index.html
Soumission,Unknown,Â£50.10,../../soumission_998/index.html
Sharp Objects,Unknown,Â£47.82,../../sharp-objects_997/index.html
Sapiens: A Brief History of Humankind,Unknown,Â£54.23,../../sapiens-a-brief-history-of-humankind_996/index.html
The Requiem Red,Unknown,Â£22.65,../../the-requiem-red_995/index.html
The Dirty Little Secrets of Getting Your Dream Job,Unknown,Â£33.34,../../the-dirty-little-secrets-of-getting-your-dream-job_994/index.html
"The Coming Woman: A Novel Based on the Life of the Infamous Feminist, Victoria Woodhull",Unknown,Â£17.93,../../the-coming-woman-a-novel-based-on-the-life-of-the-infamous-feminist-victoria-woodhull_993/index.html
The Boys in the Boat: Nine Americans and Their Epic Quest for Gold at the 1936 Berlin Olympics,Unknown,Â£22.60,../../the-boys-in-the-boat-nine-americans-and-their-epic-quest-for-gold-at-the-1936-berlin-olympics_992/index.html
The Black Maria,Unknown,Â£52.15,../../the-black-maria_991/index.html
"Starving Hearts (Triangular Trade Trilogy, #1)",Unknown,Â£13.99,../../starving-hearts-triangular-trade-trilogy-1_990/index.html
Shakespeare's Sonnets,Unknown,Â£20.66,../../shakespeares-sonnets_989/index.html
Set Me Free,Unknown,Â£17.46,../../set-me-free_988/index.html
Scott Pilgrim's Precious Little Life (Scott Pilgrim #1),Unknown,Â£52.29,../../scott-pilgrims-precious-little-life-scott-pilgrim-1_987/index.html
Rip it Up and Start Again,Unknown,Â£35.02,../../rip-it-up-and-start-again_986/index.html
"Our Band Could Be Your Life: Scenes from the American Indie Underground, 1981-1991",Unknown,Â£57.25,../../our-band-could-be-your-life-scenes-from-the-american-indie-underground-1981-1991_985/index.html
Olio,Unknown,Â£23.88,../../olio_984/index.html
Mesaerion: The Best Science Fiction Stories 1800-1849,Unknown,Â£37.59,../../mesaerion-the-best-science-fiction-stories-1800-1849_983/index.html
Libertarianism for Beginners,Unknown,Â£51.33,../../libertarianism-for-beginners_982/index.html
It's Only the Himalayas,Unknown,Â£45.17,../../its-only-the-himalayas_981/index.html
In Her Wake,Unknown,Â£12.84,../../in-her-wake_980/index.html
How Music Works,Unknown,Â£37.32,../../how-music-works_979/index.html
"Foolproof Preserving: A Guide to Small Batch Jams, Jellies, Pickles, Condiments, and More: A Foolproof Guide to Making Small Batch Jams, Jellies, Pickles, Condiments, and More",Unknown,Â£30.52,../../foolproof-preserving-a-guide-to-small-batch-jams-jellies-pickles-condiments-and-more-a-foolproof-guide-to-making-small-batch-jams-jellies-pickles-condiments-and-more_978/index.html
Chase Me (Paris Nights #2),Unknown,Â£25.27,../../chase-me-paris-nights-2_977/index.html
Black Dust,Unknown,Â£34.53,../../black-dust_976/index.html
Birdsong: A Story in Pictures,Unknown,Â£54.64,../../birdsong-a-story-in-pictures_975/index.html
America's Cradle of Quarterbacks: Western Pennsylvania's Football Factory from Johnny Unitas to Joe Montana,Unknown,Â£22.50,../../americas-cradle-of-quarterbacks-western-pennsylvanias-football-factory-from-johnny-unitas-to-joe-montana_974/index.html
Aladdin and His Wonderful Lamp,Unknown,Â£53.13,../../aladdin-and-his-wonderful-lamp_973/index.html
Worlds Elsewhere: Journeys Around Shakespeareâs Globe,Unknown,Â£40.30,../../worlds-elsewhere-journeys-around-shakespeares-globe_972/index.html
Wall and Piece,Unknown,Â£44.18,../../wall-and-piece_971/index.html
The Four Agreements: A Practical Guide to Personal Freedom,Unknown,Â£17.66,../../the-four-agreements-a-practical-guide-to-personal-freedom_970/index.html
The Five Love Languages: How to Express Heartfelt Commitment to Your Mate,Unknown,Â£31.05,../../the-five-love-languages-how-to-express-heartfelt-commitment-to-your-mate_969/index.html
The Elephant Tree,Unknown,Â£23.82,../../the-elephant-tree_968/index.html
The Bear and the Piano,Unknown,Â£36.89,../../the-bear-and-the-piano_967/index.html
Sophie's World,Unknown,Â£15.94,../../sophies-world_966/index.html
Penny Maybe,Unknown,Â£33.29,../../penny-maybe_965/index.html
Maude (1883-1993):She Grew Up with the country,Unknown,Â£18.02,../../maude-1883-1993she-grew-up-with-the-country_964/index.html
"In a Dark, Dark Wood",Unknown,Â£19.63,../../in-a-dark-dark-wood_963/index.html
Behind Closed Doors,Unknown,Â£52.22,../../behind-closed-doors_962/index.html
You can't bury them all: Poems,Unknown,Â£33.63,../../you-cant-bury-them-all-poems_961/index.html
Slow States of Collapse: Poems,Unknown,Â£57.31,../../slow-states-of-collapse-poems_960/index.html
Reasons to Stay Alive,Unknown,Â£26.41,../../reasons-to-stay-alive_959/index.html
Private Paris (Private #10),Unknown,Â£47.61,../../private-paris-private-10_958/index.html
#HigherSelfie: Wake Up Your Life. Free Your Soul. Find Your Tribe.,Unknown,Â£23.11,../../higherselfie-wake-up-your-life-free-your-soul-find-your-tribe_957/index.html
Without Borders (Wanderlove #1),Unknown,Â£45.07,../../without-borders-wanderlove-1_956/index.html
When We Collided,Unknown,Â£31.77,../../when-we-collided_955/index.html
"We Love You, Charlie Freeman",Unknown,Â£50.27,../../we-love-you-charlie-freeman_954/index.html
Untitled Collection: Sabbath Poems 2014,Unknown,Â£14.27,../../untitled-collection-sabbath-poems-2014_953/index.html
"Unseen City: The Majesty of Pigeons, the Discreet Charm of Snails & Other Wonders of the Urban Wilderness",Unknown,Â£44.18,../../unseen-city-the-majesty-of-pigeons-the-discreet-charm-of-snails-other-wonders-of-the-urban-wilderness_952/index.html
Unicorn Tracks,Unknown,Â£18.78,../../unicorn-tracks_951/index.html
"Unbound: How Eight Technologies Made Us Human, Transformed Society, and Brought Our World to the Brink",Unknown,Â£25.52,../../unbound-how-eight-technologies-made-us-human-transformed-society-and-brought-our-world-to-the-brink_950/index.html
Tsubasa: WoRLD CHRoNiCLE 2 (Tsubasa WoRLD CHRoNiCLE #2),Unknown,Â£16.28,../../tsubasa-world-chronicle-2-tsubasa-world-chronicle-2_949/index.html
Throwing Rocks at the Google Bus: How Growth Became the Enemy of Prosperity,Unknown,Â£31.12,../../throwing-rocks-at-the-google-bus-how-growth-became-the-enemy-of-prosperity_948/index.html
This One Summer,Unknown,Â£19.49,../../this-one-summer_947/index.html
Thirst,Unknown,Â£17.27,../../thirst_946/index.html
The Torch Is Passed: A Harding Family Story,Unknown,Â£19.09,../../the-torch-is-passed-a-harding-family-story_945/index.html
The Secret of Dreadwillow Carse,Unknown,Â£56.13,../../the-secret-of-dreadwillow-carse_944/index.html
"The Pioneer Woman Cooks: Dinnertime: Comfort Classics, Freezer Food, 16-Minute Meals, and Other Delicious Ways to Solve Supper!",Unknown,Â£56.41,../../the-pioneer-woman-cooks-dinnertime-comfort-classics-freezer-food-16-minute-meals-and-other-delicious-ways-to-solve-supper_943/index.html
The Past Never Ends,Unknown,Â£56.50,../../the-past-never-ends_942/index.html
The Natural History of Us (The Fine Art of Pretending #2),Unknown,Â£45.22,../../the-natural-history-of-us-the-fine-art-of-pretending-2_941/index.html
The Nameless City (The Nameless City #1),Unknown,Â£38.16,../../the-nameless-city-the-nameless-city-1_940/index.html
The Murder That Never Was (Forensic Instincts #5),Unknown,Â£54.11,../../the-murder-that-never-was-forensic-instincts-5_939/index.html
The Most Perfect Thing: Inside (and Outside) a Bird's Egg,Unknown,Â£42.96,../../the-most-perfect-thing-inside-and-outside-a-birds-egg_938/index.html
"The Mindfulness and Acceptance Workbook for Anxiety: A Guide to Breaking Free from Anxiety, Phobias, and Worry Using Acceptance and Commitment Therapy",Unknown,Â£23.89,../../the-mindfulness-and-acceptance-workbook-for-anxiety-a-guide-to-breaking-free-from-anxiety-phobias-and-worry-using-acceptance-and-commitment-therapy_937/index.html
The Life-Changing Magic of Tidying Up: The Japanese Art of Decluttering and Organizing,Unknown,Â£16.77,../../the-life-changing-magic-of-tidying-up-the-japanese-art-of-decluttering-and-organizing_936/index.html
"The Inefficiency Assassin: Time Management Tactics for Working Smarter, Not Longer",Unknown,Â£20.59,../../the-inefficiency-assassin-time-management-tactics-for-working-smarter-not-longer_935/index.html
The Gutsy Girl: Escapades for Your Life of Epic Adventure,Unknown,Â£37.13,../../the-gutsy-girl-escapades-for-your-life-of-epic-adventure_934/index.html
The Electric Pencil: Drawings from Inside State Hospital No. 3,Unknown,Â£56.06,../../the-electric-pencil-drawings-from-inside-state-hospital-no-3_933/index.html
The Death of Humanity: and the Case for Life,Unknown,Â£58.11,../../the-death-of-humanity-and-the-case-for-life_932/index.html
"The Bulletproof Diet: Lose up to a Pound a Day, Reclaim Energy and Focus, Upgrade Your Life",Unknown,Â£49.05,../../the-bulletproof-diet-lose-up-to-a-pound-a-day-reclaim-energy-and-focus-upgrade-your-life_931/index.html
The Art Forger,Unknown,Â£40.76,../../the-art-forger_930/index.html
The Age of Genius: The Seventeenth Century and the Birth of the Modern Mind,Unknown,Â£19.73,../../the-age-of-genius-the-seventeenth-century-and-the-birth-of-the-modern-mind_929/index.html
The Activist's Tao Te Ching: Ancient Advice for a Modern Revolution,Unknown,Â£32.24,../../the-activists-tao-te-ching-ancient-advice-for-a-modern-revolution_928/index.html
Spark Joy: An Illustrated Master Class on the Art of Organizing and Tidying Up,Unknown,Â£41.83,../../spark-joy-an-illustrated-master-class-on-the-art-of-organizing-and-tidying-up_927/index.html
Soul Reader,Unknown,Â£39.58,../../soul-reader_926/index.html
Security,Unknown,Â£39.25,../../security_925/index.html
"Saga, Volume 6 (Saga (Collected Editions) #6)",Unknown,Â£25.02,../../saga-volume-6-saga-collected-editions-6_924/index.html
"Saga, Volume 5 (Saga (Collected Editions) #5)",Unknown,Â£51.04,../../saga-volume-5-saga-collected-editions-5_923/index.html
Reskilling America: Learning to Labor in the Twenty-First Century,Unknown,Â£19.83,../../reskilling-america-learning-to-labor-in-the-twenty-first-century_922/index.html
"Rat Queens, Vol. 3: Demons (Rat Queens (Collected Editions) #11-15)",Unknown,Â£50.40,../../rat-queens-vol-3-demons-rat-queens-collected-editions-11-15_921/index.html
"Princess Jellyfish 2-in-1 Omnibus, Vol. 01 (Princess Jellyfish 2-in-1 Omnibus #1)",Unknown,Â£13.61,../../princess-jellyfish-2-in-1-omnibus-vol-01-princess-jellyfish-2-in-1-omnibus-1_920/index.html
Princess Between Worlds (Wide-Awake Princess #5),Unknown,Â£13.34,../../princess-between-worlds-wide-awake-princess-5_919/index.html
"Pop Gun War, Volume 1: Gift",Unknown,Â£18.97,../../pop-gun-war-volume-1-gift_918/index.html
"Political Suicide: Missteps, Peccadilloes, Bad Calls, Backroom Hijinx, Sordid Pasts, Rotten Breaks, and Just Plain Dumb Mistakes in the Annals of American Politics",Unknown,Â£36.28,../../political-suicide-missteps-peccadilloes-bad-calls-backroom-hijinx-sordid-pasts-rotten-breaks-and-just-plain-dumb-mistakes-in-the-annals-of-american-politics_917/index.html
Patience,Unknown,Â£10.16,../../patience_916/index.html
"Outcast, Vol. 1: A Darkness Surrounds Him (Outcast #1)",Unknown,Â£15.44,../../outcast-vol-1-a-darkness-surrounds-him-outcast-1_915/index.html
orange: The Complete Collection 1 (orange: The Complete Collection #1),Unknown,Â£48.41,../../orange-the-complete-collection-1-orange-the-complete-collection-1_914/index.html
Online Marketing for Busy Authors: A Step-By-Step Guide,Unknown,Â£46.35,../../online-marketing-for-busy-authors-a-step-by-step-guide_913/index.html
On a Midnight Clear,Unknown,Â£14.07,../../on-a-midnight-clear_912/index.html
Obsidian (Lux #1),Unknown,Â£14.86,../../obsidian-lux-1_911/index.html
My Paris Kitchen: Recipes and Stories,Unknown,Â£33.37,../../my-paris-kitchen-recipes-and-stories_910/index.html
Masks and Shadows,Unknown,Â£56.40,../../masks-and-shadows_909/index.html
"Mama Tried: Traditional Italian Cooking for the Screwed, Crude, Vegan, and Tattooed",Unknown,Â£14.02,../../mama-tried-traditional-italian-cooking-for-the-screwed-crude-vegan-and-tattooed_908/index.html
"Lumberjanes, Vol. 2: Friendship to the Max (Lumberjanes #5-8)",Unknown,Â£46.91,../../lumberjanes-vol-2-friendship-to-the-max-lumberjanes-5-8_907/index.html
"Lumberjanes, Vol. 1: Beware the Kitten Holy (Lumberjanes #1-4)",Unknown,Â£45.61,../../lumberjanes-vol-1-beware-the-kitten-holy-lumberjanes-1-4_906/index.html
Lumberjanes Vol. 3: A Terrible Plan (Lumberjanes #9-12),Unknown,Â£19.92,../../lumberjanes-vol-3-a-terrible-plan-lumberjanes-9-12_905/index.html
"Layered: Baking, Building, and Styling Spectacular Cakes",Unknown,Â£40.11,../../layered-baking-building-and-styling-spectacular-cakes_904/index.html
Judo: Seven Steps to Black Belt (an Introductory Guide for Beginners),Unknown,Â£53.90,../../judo-seven-steps-to-black-belt-an-introductory-guide-for-beginners_903/index.html
Join,Unknown,Â£35.67,../../join_902/index.html
In the Country We Love: My Family Divided,Unknown,Â£22.00,../../in-the-country-we-love-my-family-divided_901/index.html
